<root>
<parameter>
	<name>mining_algo</name>
	<info>Algorithm to use for mining, greedy ReReMi or based on classification trees (restrictions apply). (single option in {reremi,layeredtrees,splittrees,cartwheel,fim})</info>
	<value>reremi</value>
</parameter>
<parameter>
        <name>data_rep</name>
        <value>./data/</value>
</parameter>
<parameter>
	<name>data_l</name>
	<value>MammalsW_LHS</value>
</parameter>
<parameter>
	<name>data_r</name>
	<value>MammalsW_RHS</value>
</parameter>
<parameter>
    <name>ext_r</name>
    <value>.csv</value>
</parameter>
<parameter>
    <name>ext_l</name>
    <value>.csv</value>
</parameter>
<parameter>
    <name>result_rep</name>
    <value>./results/</value>
</parameter>
<parameter>
	<name>NA_str</name>
	<info>String representation for missing values (CSV format). (open text)</info>
	<value>nan</value>
</parameter>
<parameter>
	<name>delim_in</name>
	<info>Field delimiter (CSV format). (single option in {(auto),TAB,;,,,SPC})</info>
	<value>(auto)</value>
</parameter>
<parameter>
	<name>result_rep</name>
	<info>Repertory where to save the results. (open text)</info>
	<value></value>
</parameter>
      <parameter>
        <name>pairs_traces</name>
          <value>+</value>
      </parameter>
<parameter>
	<name>out_base</name>
	<info>Name of the file where to store the results. (open text)</info>
	<value>mammalsW-Fier_ext</value>
</parameter>
<parameter>
	<name>logfile</name>
	<info>File to log. + means generate filename from queries output file. - means stdout. (open text)</info>
	<value>+</value>
</parameter>
<parameter>
        <name>queries_named_file</name>
          <value>+</value>
</parameter>
<parameter>
        <name>pairs_store</name>
          <value>MammalsW_pairs.txt</value>
</parameter>
<parameter>
        <name>lsh_nb_bands_ext</name>
          <value>30</value>
</parameter>
<parameter>
        <name>lsh_nb_rows_ext</name>
        <value>20</value>
</parameter>
<parameter>
	<name>max_var_s0</name>
	<value>4</value>
</parameter>
<parameter>
	<name>max_var_s1</name>
	<value>4</value>
</parameter>
<parameter>
        <name>init_minscore</name>
        <value>0</value>
</parameter>
<parameter>
	<name>min_itm_out</name>
	<value>0.3</value>
</parameter>
<parameter>
	<name>min_itm_in</name>
	<value>0.1</value>
</parameter>
<parameter>
	<name>lsh_min_itm_out</name>
	<value>1.5</value>
</parameter>
<parameter>
        <name>method_buckets</name>
        <value>similar-height</value>
</parameter>
<parameter>
        <name>nb_ext_buckets</name>
        <value>2</value>
</parameter>
<parameter>
        <name>lsh_bucket_mult</name>
        <value>5</value>
</parameter>
<parameter>
        <name>max_inits</name>
        <value>100</value>
</parameter>
<parameter>
        <name>lsh_filtering</name>
        <value>1</value>
</parameter>
<parameter>
        <name>lsh_extensions</name>
        <value>1</value>
</parameter>
<parameter>
        <name>ext_once</name>
        <value>0</value>
</parameter>
<parameter>
        <name>lsh_nb_total_exts</name>
        <value>10000</value>
</parameter>
<parameter>
        <name>fields_rdefs</name>
  	<value>fields_rdefs_custom.xml</value>
</parameter>
</root>